Название игры,Год выпуска
Звездные войны: Старая республика,2011
Star Wars: Knights of the Old Republic II - The Sith Lords,2004
Devil May Cry 3: Dante`s Awakening,2005
Medal of Honor: Warfighter,2012
Syberia II,2004
Ведьмак 3: Дикая охота,2015
Boulder Dash II,1986
Death Stranding,2019
Castlevania: Lords of Shadow,2010
Divinity: Original Sin,2014
Minecraft,2011
Need for Speed: Porsche Unleashed,2000
Mortal Kombat 11,2019
God of War,2005
Бэтмен: Лечебница Аркхэм,2009
Heavy Rain,2010
Comix Zone,1995
Forza Horizon 4,2018
Silent Hill,1999
Grand Theft Auto V,2013
Max Payne,2001
Бэтмен: Аркхэм-Сити,2011
Spider-Man,2018
Обитель зла 4,2005
Wolfenstein: The Old Blood,2015
Uncharted 4: Путь вора,2016
Deus Ex,2000
Need for Speed: Most Wanted,2005
Metro: Last Light,2013
Мафия 2,2010
Дожить до рассвета,2015
Портал,2007
Mass Effect 2,2010
Тетрис,1984
Fallout 2: A Post-Nuclear Role-Playing Game,1998
BioShock Infinite,2013
Лос-Анджелесский нуар,2011
StarCraft,1998
Одни из нас,2013
Warcraft III: Reign of Chaos,2002
Принц Персии: Пески Времени,2003
God of War II,2007
Resident Evil 2 Remake,2019
Age of Empires II: The Age of Kings,1999
Ori and the Blind forest,2015
God of War: Ascension,2013
Red Dead Redemption,2010
Darksiders 2,2012
Divinity: Original Sin II,2017
Gears of War 2,2008
Horizon: Zero Dawn: The Frozen Wilds,2017
The Saboteur,2009
Uncharted 2: Among Thieves,2009
Wolfenstein 3D,1992
Мертвый космос,2008
Dragon Age: Начало,2009
Детройт: Стать человеком,2018
The Evil Within,2014
Half-Life 2,2004
Call of Duty 4: Modern Warfare,2007
Растения против Зомби,2009
Deus Ex: Революция Человечества,2011
Batman: Рыцарь Аркхема,2015
Battlefield 1,2016
The Elder Scrolls V: Skyrim,2011
Mortal Kombat,2011
Call of Duty: Modern Warfare 2,2009
Alien: Isolation,2014
Assassin`s Creed IV: Черный Флаг,2013
"Warhammer 40,000: Dawn of War",2004
Герои меча и магии III: Возрождение Эрафии,1999
Ведьмак 2: Убийцы королей,2011
Warcraft III: The Frozen Throne,2003
Left 4 Dead 2,2009
Fable,2004
Deus Ex: Mankind Divided,2016
Grand Theft Auto: San Andreas,2004
Мертвый космос 2,2011
Star Wars: Knights of the Old Republic,2003
Silent Hill 2,2001
The Walking Dead: The Game - Season 1,2012
Mass Effect 3,2012
Черная Меза,2012
Dark Messiah of Might and Magic,2006
God of War III,2010
The Wolf Among Us,2013
Spec Ops: The Line,2012
Grand Theft Auto IV,2008
Портал 2,2011
The Elder Scrolls IV: Oblivion,2006
Call of Duty,2003
Gears of War,2006
Мафия: Город потерянного рая,2002
Assassin`s Creed II,2009
Фаренгейт,2005
Хроники Риддика: Побег из Бухты Мясника,2004
Doom,1993
